"","Theiler.stage","N","total.protein","sd","se","ci"
"1","",0,NA,NA,NA,NA
"2","11-protein mix",6,169.396,30.2278300908286,12.3404599590129,31.7221622140357
"3","TS13 (E8.5)",11,28.486,25.1119030103256,7.57152364154966,16.8704059944694
"4","TS15 (E9.5)",18,109.741833333333,78.7117860195178,18.5525458845685,39.14245031573
"5","TS17 (E10.5)",12,414.95975,138.591531196813,40.0079289219413,88.0568578431939
