"","Theiler.stage","N","total.protein","sd","se","ci"
"1","",0,NA,NA,NA,NA
"2","11-protein mix",6,169.396,30.2278300908286,12.3404599590129,31.7221622140358
"3","TS13 (E8.5)",11,28.486,25.1119030103256,7.57152364154966,16.8704059944694
"4","TS15 (E9.5)",16,101.472375,79.285902007755,19.8214755019388,42.2484749509316
"5","TS17 (E10.5)",12,414.95975,138.591531196813,40.0079289219413,88.0568578431939
